,dist,pos,round,speed,step
0,0.0,0.0,0,0.0,6180
1,3.7096721050329506,3.7096721050329506,0,3.7096721050329506,6181
2,11.867191461496988,11.867191461496988,0,8.157519356464036,6182
3,22.76359523704741,22.76359523704741,0,10.896403775550425,6183
4,37.347011740203016,37.347011740203016,0,14.583416503155604,6184
5,56.6396682523191,56.6396682523191,0,19.292656512116082,6185
6,78.47600358305499,78.47600358305499,0,21.836335330735892,6186
7,103.8665275182575,103.8665275182575,0,25.39052393520251,6187
8,132.53736723621842,132.53736723621842,0,28.670839717960916,6188
9,165.96307467261795,165.96307467261795,0,33.425707436399534,6189
10,204.19157310388982,204.19157310388982,0,38.22849843127187,6190
11,246.02406222431455,246.02406222431455,0,41.832489120424725,6191
12,290.77354021545034,290.77354021545034,0,44.74947799113579,6192
13,338.2950640330091,338.2950640330091,0,47.52152381755877,6193
14,390.75550688954536,390.75550688954536,0,52.46044285653625,6194
15,446.031796206953,446.031796206953,0,55.276289317407645,6195
16,504.9167469551321,504.9167469551321,0,58.88495074817911,6196
17,567.4498356762342,567.4498356762342,0,62.533088721102104,6197
18,633.163478302199,633.163478302199,0,65.71364262596484,6198
19,698.5822054671825,698.5822054671825,0,65.41872716498341,6199
20,764.7163723400216,764.7163723400216,0,66.1341668728391,6200
21,830.6304783556151,830.6304783556151,0,65.9141060155934,6201
22,895.2757452551167,895.2757452551167,0,64.64526689950156,6202
23,959.6146412909274,959.6146412909274,0,64.33889603581059,6203
24,1023.8125757615443,1023.8125757615443,0,64.19793447061687,6204
25,1089.9527522930657,1089.9527522930657,0,66.14017653152126,6205
26,1155.8264209995878,1155.8264209995878,0,65.87366870652198,6206
27,1221.971132111621,1221.971132111621,0,66.14471111203324,6207
28,1288.227432016297,1288.227432016297,0,66.25629990467581,6208
29,1353.246686172115,1353.246686172115,0,65.01925415581803,6209
30,1419.1607403933676,1419.1607403933676,0,65.91405422125257,6210
31,1484.8068470225462,1484.8068470225462,0,65.64610662917852,6211
32,1550.1041627554832,1550.1041627554832,0,65.29731573293697,6212
33,1615.221806982372,1615.221806982372,0,65.11764422688879,6213
34,1679.7440220473482,1679.7440220473482,0,64.52221506497602,6214
35,1746.2910391755668,1746.2910391755668,0,66.54701712821856,6215
36,1810.6413211135578,1810.6413211135578,0,64.35028193799093,6216
37,1875.9683481751745,1875.9683481751745,0,65.32702706161666,6217
38,1940.8153592121243,1940.8153592121243,0,64.84701103694982,6218
39,2005.8119082899339,2005.8119082899339,0,64.99654907780945,6219
40,2070.0425249238424,2070.0425249238424,0,64.23061663390848,6220
41,2135.009544179593,2135.009544179593,0,64.96701925575047,6221
42,2199.4741652530547,2199.4741652530547,0,64.46462107346173,6222
43,2264.8750543491497,2264.8750543491497,0,65.40088909609489,6223
44,2329.1906215018525,2329.1906215018525,0,64.31556715270284,6224
45,2393.552794892439,2393.552794892439,0,64.36217339058652,6225
46,2459.6080942375056,2459.6080942375056,0,66.05529934506643,6226
47,2516.5905779272057,2516.5905779272057,0,56.98248368969996,6227
48,2571.615515794536,2571.615515794536,0,55.024937867330095,6228
49,2626.6324664625145,2626.6324664625145,0,55.016950667978904,6229
50,2683.0072799314353,2683.0072799314353,0,56.374813468920706,6230
51,2739.8999809741617,2739.8999809741617,0,56.892701042726344,6231
52,2795.167209227723,2795.167209227723,0,55.26722825356171,6232
53,2852.2114432781877,2852.2114432781877,0,57.044234050464524,6233
54,2906.9784481459974,2906.9784481459974,0,54.76700486780953,6234
55,2962.8284987431266,2962.8284987431266,0,55.8500505971291,6235
56,3018.383013141719,3018.383013141719,0,55.55451439859223,6236
57,3073.155935744926,3073.155935744926,0,54.77292260320735,6237
58,3128.411349641357,3128.411349641357,0,55.25541389643092,6238
59,3183.197349792338,3183.197349792338,0,54.78600015098107,6239
60,3240.1711470812043,3240.1711470812043,0,56.97379728886642,6240
61,3296.8786520088775,3296.8786520088775,0,56.707504927673085,6241
62,3353.3048293636666,3353.3048293636666,0,56.42617735478905,6242
63,3409.539586010604,3409.539586010604,0,56.2347566469374,6243
64,3464.6491612668706,3464.6491612668706,0,55.10957525626634,6244
65,3520.040199722781,3520.040199722781,0,55.39103845591069,6245
66,3574.9281279973843,3574.9281279973843,0,54.88792827460327,6246
67,3630.3669448793826,3630.3669448793826,0,55.43881688199815,6247
68,3685.793781621847,3685.793781621847,0,55.42683674246416,6248
69,3740.5062966667147,3740.5062966667147,0,54.7125150448677,6249
70,3796.740096775519,3796.740096775519,0,56.233800108804076,6250
71,3853.5082099365172,3853.5082099365172,0,56.76811316099827,6251
72,3909.2386382741292,3909.2386382741292,0,55.7304283376119,6252
73,3966.3135647544577,3966.3135647544577,0,57.07492648032837,6253
74,4021.270019765056,4021.270019765056,0,54.95645501059823,6254
75,4076.7727679062646,4076.7727679062646,0,55.50274814120837,6255
76,4133.310555243614,4133.310555243614,0,56.537787337348504,6256
77,4190.109293254217,4190.109293254217,0,56.79873801060364,6257
78,4245.79160858636,4245.79160858636,0,55.682315332143276,6258
79,4301.124176058631,4301.124176058631,0,55.3325674722704,6259
80,4356.6111925049645,4356.6111925049645,0,55.48701644633309,6260
81,4413.639380637555,4413.639380637555,0,57.028188132591254,6261
82,4468.3741779859665,4468.3741779859665,0,54.73479734841146,6262
83,4524.275246488449,4524.275246488449,0,55.901068502481735,6263
84,4580.8366366690825,4580.8366366690825,0,56.56139018063311,6264
85,4635.738329173638,4635.738329173638,0,54.901692504555626,6265
86,4692.547593702695,4692.547593702695,0,56.80926452905749,6266
87,4748.436541376563,4748.436541376563,0,55.888947673867165,6267
88,4804.43940428279,4804.43940428279,0,56.002862906226596,6268
89,4861.581348322895,4861.581348322895,0,57.141944040105386,6269
90,4917.683570343077,4917.683570343077,0,56.10222202018247,6270
91,4974.019148343277,4974.019148343277,0,56.33557800019969,6271
92,5029.7301998581415,5029.7301998581415,0,55.71105151486461,6272
93,5086.2369541821245,5086.2369541821245,0,56.50675432398327,6273
94,5141.35032732121,5141.35032732121,0,55.113373139084956,6274
95,5196.760571026966,5196.760571026966,0,55.41024370575667,6275
96,5252.729638525685,5252.729638525685,0,55.96906749871903,6276
97,5307.916332968705,5307.916332968705,0,55.186694443019746,6277
98,5364.7805709431295,5364.7805709431295,0,56.864237974424555,6278
99,5421.615856491626,5421.615856491626,0,56.8352855484967,6279
100,5477.953264931841,5477.953264931841,0,56.33740844021429,6280
101,5534.193211824934,5534.193211824934,0,56.239946893093816,6281
102,5591.114174010095,5591.114174010095,0,56.920962185159965,6282
103,5648.138273728551,5648.138273728551,0,57.024099718456796,6283
104,5703.505014331228,5703.505014331228,0,55.366740602677396,6284
105,5759.045884425695,5759.045884425695,0,55.54087009446573,6285
106,5815.778979610504,5815.778979610504,0,56.73309518481017,6286
107,5871.768974090457,5871.768974090457,0,55.98999447995209,6287
108,5927.602394363051,5927.602394363051,0,55.833420272594026,6288
109,5983.82877275178,5983.82877275178,0,56.226378388729586,6289
110,6039.759839618888,6039.759839618888,0,55.93106686710723,6290
111,6096.076459394987,6096.076459394987,0,56.31661977609963,6291
112,6152.511305269798,6152.511305269798,0,56.43484587481123,6292
113,6209.48395344165,6209.48395344165,0,56.97264817185112,6293
114,6266.6006410734935,6266.6006410734935,0,57.11668763184332,6294
115,6323.388790754928,6323.388790754928,0,56.788149681434675,6295
116,6378.183155569717,6378.183155569717,0,54.794364814789674,6296
117,6435.0517674889725,6435.0517674889725,0,56.868611919254704,6297
118,6491.713337007503,6491.713337007503,0,56.66156951852952,6298
119,6546.52064990284,6546.52064990284,0,54.80731289533776,6299
120,6602.219803614071,6602.219803614071,0,55.69915371123113,6300
121,6659.35500981591,6659.35500981591,0,57.13520620183897,6301
122,6715.079133135199,6715.079133135199,0,55.724123319288424,6302
123,6771.72933375808,6771.72933375808,0,56.65020062288147,6303
124,6827.42291843913,6827.42291843913,0,55.69358468104963,6304
125,6884.35759759195,6884.35759759195,0,56.93467915281997,6305
126,6939.594980191014,6939.594980191014,0,55.237382599062926,6306
127,6995.242570872252,6995.242570872252,0,55.64759068123874,6307
128,7050.534773562778,7050.534773562778,0,55.29220269052655,6308
129,7107.36034363625,7107.36034363625,0,56.82557007347111,6309
130,7163.580072989485,7163.580072989485,0,56.21972935323481,6310
131,7219.001193906121,7219.001193906121,0,55.42112091663637,6311
132,7275.017027422171,7275.017027422171,0,56.01583351604984,6312
133,7331.920565776754,7331.920565776754,0,56.90353835458279,6313
134,7387.2198343848795,7387.2198343848795,0,55.299268608124635,6314
135,7440.928758524133,7440.928758524133,0,53.708924139253675,6315
136,7495.515433018966,7495.515433018966,0,54.58667449483358,6316
137,7547.625406736138,7547.625406736138,0,52.10997371717104,6317
138,7600.01638104177,7600.01638104177,0,52.39097430563135,6318
139,7650.53697927999,7650.53697927999,0,50.520598238220565,6319
140,7703.213789180899,7703.213789180899,0,52.67680990090909,6320
141,7754.128957955231,7754.128957955231,0,50.91516877433208,6321
142,7802.001688571729,7802.001688571729,0,47.87273061649695,6322
143,7854.3816555280755,7854.3816555280755,0,52.3799669563473,6323
144,7902.945829893099,7902.945829893099,0,48.56417436502273,6324
145,7950.09479310994,7950.09479310994,0,47.14896321684166,6325
146,7999.512572937035,7999.512572937035,0,49.41777982709485,6326
147,8048.457181349692,8048.457181349692,0,48.94460841265744,6327
148,8096.533110377904,8096.533110377904,0,48.07592902821238,6328
149,8147.373429373594,8147.373429373594,0,50.84031899568935,6329
150,8196.775715800679,8196.775715800679,0,49.40228642708592,6330
151,8245.600651225197,8245.600651225197,0,48.824935424517186,6331
152,8295.989192845773,8295.989192845773,0,50.38854162057602,6332
153,8343.790877467245,8343.790877467245,0,47.801684621472546,6333
154,8394.640356062466,8394.640356062466,0,50.84947859522013,6334
155,8442.792578265056,8442.792578265056,0,48.15222220259022,6335
156,8491.176568649118,8491.176568649118,0,48.38399038406175,6336
157,8541.183909240195,8541.183909240195,0,50.00734059107712,6337
158,8589.82143586747,8589.82143586747,0,48.6375266272748,6338
159,8638.584703831515,8638.584703831515,0,48.76326796404567,6339
160,8688.745530586784,8688.745530586784,0,50.16082675526909,6340
161,8736.437063909798,8736.437063909798,0,47.69153332301421,6341
162,8786.891191179446,8786.891191179446,0,50.45412726964688,6342
163,8837.79006799257,8837.79006799257,0,50.89887681312514,6343
164,8886.756650077386,8886.756650077386,0,48.96658208481697,6344
165,8935.05313264261,8935.05313264261,0,48.296482565222284,6345
166,8978.951781700536,8978.951781700536,0,43.89864905792743,6346
167,9025.148926902291,9025.148926902291,0,46.197145201754545,6347
168,9072.972416821325,9072.972416821325,0,47.82348991903371,6348
169,9121.69668686091,9121.69668686091,0,48.72427003958599,6349
170,9173.314632484202,9173.314632484202,0,51.61794562329025,6350
171,9224.905641195348,9224.905641195348,0,51.59100871114696,6351
172,9275.53463595176,9275.53463595176,0,50.628994756411764,6352
173,9323.41139880209,9323.41139880209,0,47.87676285033118,6353
174,9369.608266899899,9369.608266899899,0,46.19686809780667,6354
175,9418.780456575023,9418.780456575023,0,49.172189675124265,6355
176,9466.2944894645,9466.2944894645,0,47.51403288947816,6356
177,9515.050929578101,9515.050929578101,0,48.75644011360071,6357
178,9565.846913166477,9565.846913166477,0,50.79598358837604,6358
179,9615.067859379667,9615.067859379667,0,49.22094621318936,6359
180,9665.454295755753,9665.454295755753,0,50.38643637608708,6360
181,9713.426440076662,9713.426440076662,0,47.972144320908825,6361
182,9759.560050927275,9759.560050927275,0,46.133610850612556,6362
183,9805.870454464522,9805.870454464522,0,46.31040353724796,6363
184,9852.418497776975,9852.418497776975,0,46.54804331245189,6364
185,9892.35216843057,9892.35216843057,0,39.93367065359549,6365
186,9926.372046535607,9926.372046535607,0,34.01987810503702,6366
187,9956.327508248703,9956.327508248703,0,29.955461713095673,6367
188,9987.217781100684,9987.217781100684,0,30.890272851980008,6368
189,10017.987798461529,17.987798461528655,1,30.77001736084364,6369
190,10051.868678079165,51.868678079164965,1,33.88087961763664,6370
191,10085.758056261078,85.75805626107831,1,33.88937818191406,6371
192,10119.479963241136,119.47996324113592,1,33.721906980057774,6372
193,10156.982025226709,156.98202522670908,1,37.50206198557333,6373
194,10197.430400835055,197.43040083505548,1,40.44837560834644,6374
195,10241.383006524273,241.3830065242728,1,43.95260568921735,6375
196,10288.685283936464,288.68528393646375,1,47.302277412189184,6376
197,10339.944271041373,339.9442710413732,1,51.25898710490951,6377
198,10395.393994000491,395.39399400049115,1,55.44972295911798,6378
199,10455.215990810324,455.215990810324,1,59.82199680983301,6379
200,10510.438910108749,510.43891010874904,1,55.222919298426355,6380
201,10570.092324461288,570.0923244612877,1,59.65341435253817,6381
202,10628.306533678782,628.3065336787822,1,58.21420921749495,6382
203,10685.53641961199,685.5364196119899,1,57.22988593320729,6383
204,10742.341611182808,742.3416111828083,1,56.80519157081843,6384
205,10800.527096028574,800.5270960285743,1,58.18548484576565,6385
206,10859.785356126113,859.7853561261127,1,59.25826009753843,6386
207,10918.858397553002,918.8583975530019,1,59.07304142688846,6387
208,10975.325552503642,975.325552503642,1,56.46715495064115,6388
209,11031.618693235967,1031.618693235967,1,56.293140732324,6389
210,11091.848670060324,1091.8486700603244,1,60.22997682435835,6390
211,11148.077681783112,1148.077681783112,1,56.22901172278729,6391
212,11204.483622466234,1204.483622466234,1,56.40594068312246,6392
213,11263.010924400041,1263.0109244000414,1,58.527301933806896,6393
214,11320.432710562194,1320.4327105621942,1,57.42178616215313,6394
215,11377.367819861285,1377.3678198612852,1,56.93510929909012,6395
216,11435.176844878666,1435.176844878666,1,57.80902501738125,6396
217,11492.20605999857,1492.2060599985707,1,57.02921511990469,6397
218,11549.578486324192,1549.5784863241915,1,57.37242632562043,6398
219,11603.798157355921,1603.798157355921,1,54.21967103172976,6399
220,11662.298713387248,1662.2987133872484,1,58.500556031327015,6400
221,11718.688188234204,1718.688188234204,1,56.38947484695539,6401
222,11777.698553666156,1777.698553666156,1,59.0103654319527,6402
223,11836.804006166885,1836.8040061668853,1,59.10545250072978,6403
224,11892.284027066657,1892.2840270666566,1,55.48002089977116,6404
225,11950.402193412681,1950.4021934126813,1,58.11816634602412,6405
226,12006.820603303166,2006.8206033031656,1,56.418409890483936,6406
227,12064.560037196097,2064.5600371960973,1,57.73943389293097,6407
228,12119.723468292079,2119.723468292079,1,55.16343109598252,6408
229,12174.768531674126,2174.7685316741263,1,55.045063382048355,6409
230,12234.487388483822,2234.4873884838216,1,59.718856809694515,6410
231,12294.287479896919,2294.2874798969187,1,59.80009141309729,6411
232,12350.673946907584,2350.6739469075837,1,56.386467010664475,6412
233,12409.146183658031,2409.146183658031,1,58.47223675044786,6413
234,12458.42634248317,2458.4263424831697,1,49.28015882513854,6414
235,12505.055333671491,2505.055333671491,1,46.62899118832205,6415
236,12556.238057743465,2556.238057743465,1,51.18272407197286,6416
237,12606.358103240304,2606.3581032403035,1,50.120045496837974,6417
238,12656.111892149445,2656.1118921494453,1,49.75378890914315,6418
239,12702.441795982812,2702.4417959828115,1,46.32990383336615,6419
240,12749.584891298136,2749.5848912981364,1,47.14309531532483,6420
241,12798.196222356282,2798.1962223562823,1,48.61133105814571,6421
242,12849.334927234017,2849.3349272340165,1,51.13870487773336,6422
243,12896.379924417044,2896.379924417044,1,47.04499718302803,6423
244,12945.591917415184,2945.591917415184,1,49.21199299813942,6424
245,12994.112729406572,2994.112729406572,1,48.520811991388214,6425
246,13044.673733444959,3044.673733444959,1,50.56100403838732,6426
247,13092.401904837365,3092.401904837365,1,47.728171392405905,6427
248,13141.581275068636,3141.5812750686364,1,49.17937023127116,6428
249,13188.901254563478,3188.901254563478,1,47.31997949484083,6429
250,13239.938783443355,3239.9387834433546,1,51.0375288798781,6430
251,13290.76816615756,3290.7681661575607,1,50.829382714206105,6431
252,13337.103905794065,3337.103905794065,1,46.3357396365039,6432
253,13382.81667406494,3382.8166740649394,1,45.71276827087393,6433
254,13432.19345484754,3432.19345484754,1,49.3767807826004,6434
255,13477.929911997475,3477.929911997475,1,45.73645714993573,6435
256,13527.721912191995,3527.721912191995,1,49.792000194520654,6436
257,13575.776175822497,3575.776175822497,1,48.05426363050192,6437
258,13623.43095599283,3623.4309559928297,1,47.65478017033233,6438
259,13672.468973158275,3672.468973158275,1,49.038017165444984,6439
260,13722.519113279639,3722.519113279639,1,50.05014012136462,6440
261,13773.605930949403,3773.605930949403,1,51.086817669763455,6441
262,13821.17857446608,3821.178574466079,1,47.57264351667702,6442
263,13870.533713688386,3870.5337136883863,1,49.35513922230725,6443
264,13918.62133483038,3918.621334830381,1,48.08762114199361,6444
265,13967.388102923076,3967.388102923076,1,48.766768092696154,6445
266,14016.953558635516,4016.953558635516,1,49.56545571243798,6446
267,14064.516685273697,4064.5166852736966,1,47.56312663818188,6447
268,14110.999391899277,4110.999391899277,1,46.48270662557892,6448
269,14158.036682563168,4158.036682563168,1,47.037290663892676,6449
270,14209.051284541381,4209.051284541381,1,51.014601978212575,6450
271,14260.071689587983,4260.071689587983,1,51.02040504660197,6451
272,14308.87188443216,4308.871884432159,1,48.80019484417706,6452
273,14356.583533320136,4356.583533320136,1,47.71164888797585,6453
274,14407.662809693613,4407.662809693613,1,51.07927637347614,6454
275,14453.246683312349,4453.246683312349,1,45.58387361873624,6455
276,14500.856120185612,4500.856120185612,1,47.609436873262915,6456
277,14549.515761325774,4549.515761325774,1,48.65964114016352,6457
278,14597.819675601979,4597.819675601979,1,48.3039142762029,6458
279,14644.617576084238,4644.617576084238,1,46.79790048225951,6459
280,14693.829686452875,4693.829686452875,1,49.21211036863724,6460
281,14744.411149542699,4744.411149542699,1,50.58146308982423,6461
282,14793.602129623612,4793.602129623612,1,49.19098008091275,6462
283,14839.79092756044,4839.79092756044,1,46.18879793682866,6463
284,14888.360703112028,4888.360703112028,1,48.569775551587846,6464
285,14937.286601711567,4937.286601711567,1,48.925898599539316,6465
286,14986.920744815738,4986.920744815738,1,49.63414310416949,6466
287,15039.051879505383,5039.051879505383,1,52.13113468964612,6467
288,15086.959113671372,5086.959113671372,1,47.90723416598712,6468
289,15137.967289779102,5137.967289779102,1,51.00817610773078,6469
290,15185.983329888773,5185.983329888773,1,48.01604010967192,6470
291,15233.20752716177,5233.2075271617705,1,47.224197272996385,6471
292,15281.819496623804,5281.819496623804,1,48.61196946203436,6472
293,15331.075804970747,5331.075804970747,1,49.256308346942326,6473
294,15380.148059004721,5380.148059004721,1,49.072254033973906,6474
295,15431.010439482256,5431.010439482256,1,50.86238047753452,6475
296,15479.73251902979,5479.732519029791,1,48.72207954753533,6476
297,15530.147090870027,5530.147090870027,1,50.41457184023536,6477
298,15579.171153980362,5579.171153980362,1,49.02406311033567,6478
299,15627.32296032832,5627.32296032832,1,48.15180634795867,6479
300,15675.976194604507,5675.976194604507,1,48.65323427618635,6480
301,15725.178247406626,5725.178247406626,1,49.202052802118736,6481
302,15772.933092550402,5772.933092550402,1,47.75484514377673,6482
303,15819.794774419273,5819.794774419273,1,46.86168186887067,6483
304,15871.255791686668,5871.255791686668,1,51.46101726739567,6484
305,15920.011720032086,5920.011720032086,1,48.75592834541763,6485
306,15971.469069480061,5971.469069480061,1,51.457349447975226,6486
307,16017.06569203095,6017.06569203095,1,45.59662255088871,6487
308,16065.248097194257,6065.248097194257,1,48.18240516330684,6488
309,16111.968549233165,6111.968549233165,1,46.72045203890777,6489
310,16162.533622686746,6162.533622686746,1,50.565073453580986,6490
311,16209.049412954131,6209.049412954131,1,46.51579026738526,6491
312,16257.315996323654,6257.315996323654,1,48.26658336952339,6492
313,16306.18806723812,6306.188067238119,1,48.87207091446519,6493
314,16355.198977571728,6355.198977571728,1,49.010910333609466,6494
315,16400.758957050737,6400.758957050737,1,45.55997947900819,6495
316,16449.362419445864,6449.362419445864,1,48.603462395127444,6496
317,16496.442341417656,6496.442341417656,1,47.07992197179263,6497
318,16546.267545999406,6546.267545999406,1,49.825204581749,6498
319,16594.675898052687,6594.6758980526865,1,48.40835205328149,6499
320,16643.736587006966,6643.736587006966,1,49.060688954276856,6500
321,16692.130221215328,6692.130221215328,1,48.393634208362464,6501
322,16741.466334885827,6741.466334885827,1,49.33611367049919,6502
323,16788.718246253044,6788.718246253044,1,47.251911367215946,6503
324,16838.819415009257,6838.819415009257,1,50.10116875621431,6504
325,16887.927879899464,6887.927879899464,1,49.108464890205816,6505
326,16938.635009023546,6938.635009023546,1,50.70712912408272,6506
327,16988.406174123367,6988.406174123367,1,49.771165099821445,6507
328,17038.889497683693,7038.889497683693,1,50.48332356032582,6508
329,17086.131566758926,7086.131566758926,1,47.242069075234,6509
330,17132.860274493156,7132.860274493156,1,46.72870773422922,6510
331,17182.091878565552,7182.091878565552,1,49.2316040723979,6511
332,17231.72805124872,7231.72805124872,1,49.63617268316538,6512
333,17278.434933015433,7278.434933015433,1,46.70688176671213,6513
334,17328.690238068466,7328.690238068466,1,50.255305053034526,6514
335,17378.67227873393,7378.672278733931,1,49.98204066546288,6515
336,17427.596689977905,7427.596689977905,1,48.924411243976934,6516
337,17474.740967328868,7474.740967328868,1,47.144277350962355,6517
338,17521.652219911626,7521.652219911626,1,46.9112525827554,6518
339,17567.057531643848,7567.057531643848,1,45.40531173222457,6519
340,17615.429167947826,7615.4291679478265,1,48.37163630397749,6520
341,17665.526795260696,7665.5267952606955,1,50.097627312867075,6521
342,17712.60599439617,7712.60599439617,1,47.07919913547568,6522
343,17763.001655961234,7763.001655961234,1,50.395661565065296,6523
344,17812.073421919766,7812.073421919766,1,49.07176595853167,6524
345,17861.035645619268,7861.035645619268,1,48.96222369949985,6525
346,17909.910720514265,7909.9107205142645,1,48.87507489499951,6526
347,17959.517302144224,7959.517302144224,1,49.6065816299568,6527
348,18008.132785208687,8008.132785208687,1,48.61548306446382,6528
349,18058.268965446157,8058.268965446157,1,50.13618023747062,6529
350,18107.933496080856,8107.933496080856,1,49.664530634697044,6530
351,18153.390625368855,8153.390625368855,1,45.457129288000125,6531
352,18202.441318985475,8202.441318985475,1,49.05069361662127,6532
353,18253.035932936476,8253.035932936476,1,50.59461395100028,6533
354,18303.00934350027,8303.009343500271,1,49.973410563795106,6534
355,18351.125542680926,8351.125542680926,1,48.116199180654206,6535
356,18398.723238851766,8398.723238851766,1,47.59769617084215,6536
357,18446.7616925785,8446.7616925785,1,48.038453726734375,6537
358,18497.929631209583,8497.929631209583,1,51.16793863108116,6538
359,18547.704582561502,8547.704582561502,1,49.77495135191823,6539
360,18597.013140910443,8597.013140910443,1,49.30855834894366,6540
361,18646.727909725192,8646.727909725192,1,49.71476881474774,6541
362,18693.852547845137,8693.852547845137,1,47.124638119946255,6542
363,18741.40447455183,8741.40447455183,1,47.55192670669153,6543
364,18787.352106033017,8787.352106033017,1,45.94763148118494,6544
365,18836.30314205266,8836.30314205266,1,48.951036019644214,6545
366,18885.861188895444,8885.861188895444,1,49.558046842782794,6546
367,18935.13914229293,8935.13914229293,1,49.27795339748749,6547
368,18980.63413154182,8980.634131541821,1,45.494989248892246,6548
369,19027.268561992656,9027.268561992656,1,46.634430450833634,6549
370,19075.045914470396,9075.045914470396,1,47.77735247774042,6550
371,19124.40633520114,9124.40633520114,1,49.36042073074428,6551
372,19172.85380337184,9172.85380337184,1,48.447468170697825,6552
373,19222.08740623901,9222.08740623901,1,49.23360286717095,6553
374,19270.636099172654,9270.636099172654,1,48.54869293364683,6554
375,19321.498713463076,9321.498713463076,1,50.86261429041845,6555
376,19368.55395584346,9368.553955843461,1,47.055242380385394,6556
377,19416.037690875935,9416.037690875935,1,47.48373503247399,6557
378,19465.022847507116,9465.022847507116,1,48.98515663118314,6558
379,19513.170061433673,9513.170061433673,1,48.14721392655632,6559
380,19565.16187147004,9565.161871470042,1,51.9918100363697,6560
381,19615.493971191092,9615.493971191092,1,50.332099721047314,6561
382,19662.41029482361,9662.41029482361,1,46.91632363252136,6562
383,19713.08982997714,9713.08982997714,1,50.67953515352874,6563
384,19761.599163786228,9761.599163786228,1,48.509333809087934,6564
385,19808.378299901604,9808.378299901604,1,46.77913611537534,6565
386,19856.939204620154,9856.939204620154,1,48.56090471855219,6566
387,19900.46682623028,9900.46682623028,1,43.527621610125706,6567
388,19940.86453264738,9940.864532647382,1,40.397706417100295,6568
389,19981.591093070165,9981.591093070165,1,40.72656042278452,6569
390,20016.863108454756,16.863108454756002,2,35.27201538459232,6570
391,20053.977656764084,53.977656764083804,2,37.11454830932769,6571
392,20092.541808209437,92.54180820943657,2,38.56415144535268,6572
393,20131.30711495349,131.3071149534917,2,38.76530674405551,6573
394,20172.478239923552,172.47823992355188,2,41.17112497006153,6574
395,20215.683429594283,215.68342959428264,2,43.205189670728195,6575
396,20262.714010400618,262.71401040061755,2,47.030580806335514,6576
397,20310.73454341383,310.73454341382967,2,48.02053301321134,6577
398,20361.516177882582,361.51617788258227,2,50.78163446875546,6578
399,20415.575482367734,415.57548236773437,2,54.05930448515132,6579
400,20471.164468622505,471.1644686225045,2,55.58898625476824,6580
401,20530.225479863093,530.2254798630929,2,59.061011240590155,6581
402,20589.164088797766,589.1640887977665,2,58.938608934673525,6582
403,20645.379326846243,645.3793268462432,2,56.21523804847531,6583
404,20703.360900920132,703.3609009201318,2,57.981574073888446,6584
405,20757.32611332405,757.3261133240485,2,53.96521240391819,6585
406,20813.88696099829,813.8869609982903,2,56.56084767424106,6586
407,20870.169861807775,870.1698618077753,2,56.28290080948541,6587
408,20925.968679264675,925.9686792646753,2,55.79881745690013,6588
409,20981.39323919838,981.3932391983799,2,55.42455993370391,6589
410,21039.231327539637,1039.2313275396373,2,57.83808834125728,6590
411,21098.114636906517,1098.1146369065173,2,58.88330936687995,6591
412,21156.458164853673,1156.4581648536732,2,58.34352794715673,6592
413,21211.149333347348,1211.1493333473481,2,54.691168493676564,6593
414,21269.59405005074,1269.5940500507386,2,58.44471670338856,6594
415,21328.174157480466,1328.1741574804655,2,58.580107429728216,6595
416,21383.18982058926,1383.1898205892612,2,55.01566310879412,6596
417,21442.391947049415,1442.3919470494147,2,59.202126460155576,6597
418,21501.449155589304,1501.4491555893037,2,59.05720853988706,6598
419,21559.3992663893,1559.3992663893005,2,57.95011079999914,6599
420,21617.82394751235,1617.8239475123482,2,58.42468112304592,6600
421,21673.913440812667,1673.9134408126665,2,56.089493300317734,6601
422,21728.234213681237,1728.2342136812367,2,54.3207728685726,6602
423,21783.06354157514,1783.0635415751385,2,54.82932789389813,6603
424,21840.71032369884,1840.7103236988405,2,57.64678212370561,6604
425,21898.104666387666,1898.104666387666,2,57.39434268882196,6605
426,21957.891089287794,1957.8910892877939,2,59.78642290012813,6606
427,22018.122752206364,2018.1227522063637,2,60.231662918571686,6607
428,22077.051682815258,2077.0516828152577,2,58.92893060889379,6608
429,22134.694677973624,2134.6946779736245,2,57.64299515836633,6609
430,22191.691877129044,2191.691877129044,2,56.99719915541938,6610
431,22247.389055957807,2247.3890559578067,2,55.69717882876388,6611
432,22306.12775388076,2306.127753880759,2,58.73869792295232,6612
433,22363.794994260454,2363.7949942604537,2,57.6672403796933,6613
434,22420.63839482128,2420.638394821279,2,56.843400560825266,6614
435,22471.79732340779,2471.797323407791,2,51.158928586513845,6615
436,22517.85503341681,2517.8550334168103,2,46.05771000902054,6616
437,22565.392059076927,2565.3920590769267,2,47.53702566011571,6617
438,22616.149980080303,2616.149980080303,2,50.75792100337761,6618
439,22664.700665850592,2664.7006658505925,2,48.550685770289896,6619
440,22710.880031643148,2710.880031643148,2,46.179365792554876,6620
441,22760.812244864836,2760.8122448648355,2,49.932213221686965,6621
442,22808.601120202722,2808.601120202722,2,47.78887533788603,6622
443,22859.082265552366,2859.082265552366,2,50.48114534964353,6623
444,22908.157136020644,2908.1571360206435,2,49.074870468277346,6624
445,22957.89745738563,2957.8974573856285,2,49.74032136498579,6625
446,23007.648527989935,3007.6485279899352,2,49.751070604308794,6626
447,23057.819981410794,3057.819981410794,2,50.17145342085835,6627
448,23110.243751476773,3110.2437514767735,2,52.42377006597992,6628
449,23159.901332986712,3159.901332986712,2,49.657581509936875,6629
450,23212.600558370334,3212.6005583703336,2,52.69922538362305,6630
451,23261.23559415392,3261.235594153921,2,48.63503578358763,6631
452,23309.35853506085,3309.358535060848,2,48.12294090692564,6632
453,23359.91671472639,3359.9167147263906,2,50.55817966554171,6633
454,23407.800568504234,3407.8005685042335,2,47.883853777842155,6634
455,23453.26286958881,3453.262869588809,2,45.46230108457699,6635
456,23503.40528188546,3503.4052818854616,2,50.14241229665082,6636
457,23548.439042885097,3548.4390428850966,2,45.03376099963647,6637
458,23596.839457959853,3596.8394579598535,2,48.40041507475682,6638
459,23647.50252829694,3647.50252829694,2,50.66307033708758,6639
460,23696.295730284866,3696.2957302848663,2,48.79320198792704,6640
461,23746.305987830463,3746.305987830463,2,50.01025754559636,6641
462,23793.881974452997,3793.8819744529974,2,47.57598662253219,6642
463,23844.17609413911,3844.1760941391112,2,50.294119686112865,6643
464,23891.552468519185,3891.552468519185,2,47.37637438007577,6644
465,23941.040887722054,3941.0408877220543,2,49.48841920287003,6645
466,23992.52719888012,3992.5271988801214,2,51.486311158066016,6646
467,24041.89779312912,4041.8977931291192,2,49.37059424899771,6647
468,24091.602065577226,4091.6020655772263,2,49.70427244810829,6648
469,24140.42077249759,4140.4207724975895,2,48.81870692036078,6649
470,24190.426437576105,4190.426437576105,2,50.00566507851848,6650
471,24239.64916654834,4239.649166548341,2,49.22272897223631,6651
472,24288.20619576559,4288.20619576559,2,48.55702921724781,6652
473,24338.631673860367,4338.631673860367,2,50.42547809477754,6653
474,24383.119546546255,4383.119546546255,2,44.487872685887524,6654
475,24429.977867098838,4429.977867098838,2,46.85832055258214,6655
476,24479.374860760752,4479.374860760752,2,49.396993661915864,6656
477,24528.72198039753,4528.721980397531,2,49.34711963677734,6657
478,24576.894025088222,4576.894025088222,2,48.172044690691,6658
479,24626.724988169597,4626.724988169597,2,49.830963081373156,6659
480,24675.223411455074,4675.223411455074,2,48.4984232854787,6660
481,24725.114782755292,4725.114782755292,2,49.891371300219895,6661
482,24774.444551200908,4774.444551200908,2,49.32976844561472,6662
483,24824.294420084705,4824.294420084705,2,49.849868883796034,6663
484,24874.04200302389,4874.042003023889,2,49.74758293918597,6664
485,24922.358920813193,4922.3589208131925,2,48.31691778930252,6665
486,24969.622351384332,4969.622351384332,2,47.26343057114123,6666
487,25017.447754363748,5017.447754363748,2,47.825402979415465,6667
488,25066.771883488836,5066.7718834888365,2,49.32412912509025,6668
489,25115.46791629094,5115.4679162909415,2,48.69603280210627,6669
490,25164.244486465603,5164.244486465603,2,48.77657017466087,6670
491,25212.283428346345,5212.283428346345,2,48.03894188073997,6671
492,25262.55327178042,5262.55327178042,2,50.26984343407697,6672
493,25309.04667502074,5309.0466750207415,2,46.493403240320596,6673
494,25355.31373261586,5355.313732615861,2,46.267057595120846,6674
495,25405.708222459372,5405.708222459372,2,50.39448984351086,6675
496,25454.47129100311,5454.4712910031085,2,48.76306854373518,6676
497,25500.579570032445,5500.579570032445,2,46.10827902933708,6677
498,25549.231734846042,5549.231734846042,2,48.65216481359641,6678
499,25597.311760706387,5597.311760706387,2,48.08002586034514,6679
500,25647.169644876336,5647.169644876336,2,49.857884169948534,6680
501,25698.90903078429,5698.909030784289,2,51.73938590795361,6681
502,25747.302806660507,5747.3028066605075,2,48.39377587621825,6682
503,25797.759418240687,5797.7594182406865,2,50.45661158017746,6683
504,25845.15248795607,5845.152487956071,2,47.3930697153868,6684
505,25895.887591592866,5895.887591592866,2,50.735103636794264,6685
506,25942.52382026931,5942.523820269311,2,46.63622867644331,6686
507,25988.508507244776,5988.508507244776,2,45.98468697546563,6687
508,26036.942527790863,6036.942527790863,2,48.43402054608996,6688
509,26086.04609075736,6086.0460907573615,2,49.1035629664959,6689
510,26135.948254129817,6135.948254129817,2,49.90216337245459,6690
511,26181.706431508137,6181.706431508137,2,45.758177378323566,6691
512,26232.04901684287,6232.04901684287,2,50.342585334730636,6692
513,26281.192102832134,6281.192102832134,2,49.14308598926314,6693
514,26329.947984988336,6329.9479849883355,2,48.75588215620234,6694
515,26378.837030864255,6378.837030864255,2,48.8890458759212,6695
516,26430.251055002682,6430.251055002682,2,51.41402413842427,6696
517,26477.943227514264,6477.943227514264,2,47.6921725115853,6697
518,26527.996364135386,6527.996364135386,2,50.053136621120785,6698
519,26577.374735510548,6577.374735510548,2,49.378371375162,6699
520,26625.915929551957,6625.915929551957,2,48.54119404140624,6700
521,26675.85303760988,6675.853037609879,2,49.937108057925165,6701
522,26725.030656956922,6725.030656956922,2,49.177619347043766,6702
523,26771.935961086296,6771.935961086296,2,46.90530412937382,6703
524,26821.026422541327,6821.026422541327,2,49.090461455029754,6704
525,26869.23563722224,6869.235637222238,2,48.20921468090988,6705
526,26918.700216526726,6918.700216526726,2,49.464579304488616,6706
527,26967.749337582525,6967.749337582525,2,49.049121055800455,6707
528,27016.807334305577,7016.807334305577,2,49.057996723050984,6708
529,27065.409904409848,7065.4099044098475,2,48.60257010426894,6709
530,27113.752148211584,7113.752148211584,2,48.34224380173798,6710
531,27163.554755130615,7163.554755130615,2,49.802606919032286,6711
532,27212.380870299992,7212.380870299992,2,48.826115169377346,6712
533,27261.741502091696,7261.741502091696,2,49.36063179170188,6713
534,27310.095654799254,7310.095654799254,2,48.35415270755928,6714
535,27358.357759424653,7358.357759424653,2,48.26210462539954,6715
536,27406.59761989871,7406.597619898708,2,48.23986047405309,6716
537,27455.594553231458,7455.594553231458,2,48.99693333275154,6717
538,27503.175773233605,7503.175773233605,2,47.58122000214376,6718
539,27553.284232134694,7553.284232134694,2,50.10845890109277,6719
540,27602.586204682724,7602.586204682724,2,49.30197254803169,6720
541,27653.412704476847,7653.412704476847,2,50.82649979412333,6721
542,27696.34482641391,7696.3448264139115,2,42.93212193706182,6722
543,27742.829496697897,7742.829496697897,2,46.48467028398642,6723
544,27792.91909307712,7792.919093077118,2,50.08959637922076,6724
545,27842.229460183342,7842.229460183342,2,49.310367106224085,6725
546,27890.30636974422,7890.306369744219,2,48.07690956087936,6726
547,27939.820931176935,7939.820931176935,2,49.51456143271392,6727
548,27986.729233982547,7986.729233982547,2,46.908302805613545,6728
549,28033.88511202512,8033.88511202512,2,47.155878042570855,6729
550,28082.920684201024,8082.920684201024,2,49.03557217590524,6730
551,28130.7626261664,8130.762626166401,2,47.84194196537876,6731
552,28180.49077227712,8180.49077227712,2,49.72814611071781,6732
553,28228.222954918405,8228.222954918405,2,47.73218264128277,6733
554,28276.99418445207,8276.994184452069,2,48.77122953366609,6734
555,28325.015703318375,8325.015703318375,2,48.021518866306,6735
556,28372.388111249336,8372.388111249336,2,47.37240793096156,6736
557,28422.93469557221,8422.93469557221,2,50.54658432287418,6737
558,28472.831893543174,8472.831893543174,2,49.897197970963646,6738
559,28520.484485252407,8520.484485252407,2,47.65259170923255,6739
560,28569.973613062633,8569.973613062633,2,49.48912781022637,6740
561,28618.28002821339,8618.28002821339,2,48.30641515075831,6741
562,28667.605140535037,8667.605140535037,2,49.3251123216437,6742
563,28715.677595782738,8715.677595782738,2,48.0724552477032,6743
564,28764.775335882092,8764.775335882092,2,49.0977400993542,6744
565,28811.780663121073,8811.780663121073,2,47.00532723898094,6745
566,28860.775118170928,8860.775118170928,2,48.99445504985582,6746
567,28911.34298764707,8911.34298764707,2,50.56786947613937,6747
568,28962.82580703153,8962.825807031531,2,51.482819384461784,6748
569,29011.990565335946,9011.990565335946,2,49.164758304415265,6749
570,29063.318881070812,9063.318881070812,2,51.32831573486479,6750
571,29111.71853036518,9111.718530365179,2,48.39964929436835,6751
572,29160.299535125643,9160.299535125643,2,48.58100476046391,6752
573,29208.675750779752,9208.675750779752,2,48.3762156541078,6753
574,29256.22912023454,9256.22912023454,2,47.55336945478784,6754
575,29302.0408847226,9302.040884722599,2,45.8117644880612,6755
576,29352.77583215543,9352.775832155428,2,50.73494743282838,6756
577,29403.312407124227,9403.312407124227,2,50.536574968800046,6757
578,29450.992277749312,9450.992277749312,2,47.679870625084234,6758
579,29497.615732484544,9497.615732484544,2,46.623454735230276,6759
580,29547.380161565474,9547.380161565474,2,49.76442908093046,6760
581,29599.58483847005,9599.584838470051,2,52.204676904577916,6761
582,29646.927301876403,9646.927301876403,2,47.342463406350014,6762
583,29693.920210606873,9693.920210606873,2,46.99290873047021,6763
584,29741.430761399417,9741.430761399417,2,47.510550792543675,6764
585,29791.032848471987,9791.032848471987,2,49.602087072568864,6765
586,29839.91459388284,9839.91459388284,2,48.881745410855125,6766
587,29882.85121568605,9882.851215686049,2,42.9366218032102,6767
588,29920.66374307147,9920.663743071469,2,37.81252738541744,6768
589,29952.48335081107,9952.483350811071,2,31.81960773960217,6769
590,29985.57025107109,9985.57025107109,2,33.08690026002054,6770
591,30016.870892113544,16.87089211354396,3,31.300641042453222,6771
592,30050.6769717606,50.67697176060028,3,33.80607964705769,6772
593,30082.7546834098,82.75468340979933,3,32.07771164920188,6773
594,30115.453519743478,115.45351974347795,3,32.69883633367735,6774
595,30150.007515880578,150.00751588057756,3,34.55399613710104,6775
596,30186.66646331244,186.66646331243828,3,36.65894743185865,6776
597,30227.980641737235,227.9806417372347,3,41.31417842479797,6777
598,30273.030202639788,273.0302026397876,3,45.04956090255084,6778
599,30322.812960276733,322.81296027673307,3,49.782757636945995,6779
600,30373.521512356205,373.52151235620477,3,50.70855207947297,6780
601,30424.671374213693,424.6713742136926,3,51.14986185748892,6781
602,30478.641563473044,478.6415634730438,3,53.97018925934861,6782
603,30536.28952242396,536.2895224239583,3,57.647958950915545,6783
604,30597.793444811377,597.7934448113774,3,61.503922387419365,6784
605,30654.35311941661,654.3531194166098,3,56.559674605232026,6785
606,30712.800420615422,712.8004206154219,3,58.447301198810926,6786
607,30771.932786894304,771.9327868943037,3,59.1323662788845,6787
608,30830.971042543253,830.9710425432531,3,59.03825564894739,6788
609,30889.964667571257,889.9646675712575,3,58.99362502800453,6789
610,30949.02702906961,949.0270290696099,3,59.06236149835301,6790
611,31005.844705705425,1005.8447057054254,3,56.81767663581526,6791
612,31061.017909316222,1061.0179093162224,3,55.17320361079769,6792
613,31119.862017560572,1119.862017560572,3,58.84410824434702,6793
614,31177.122714389254,1177.1227143892538,3,57.26069682868248,6794
615,31233.47378183491,1233.4737818349095,3,56.35106744565659,6795
616,31292.766674558072,1292.7666745580718,3,59.292892723163,6796
617,31352.348936303482,1352.3489363034823,3,59.58226174541086,6797
618,31408.469554088184,1408.469554088184,3,56.12061778470166,6798
619,31464.30265153493,1464.3026515349302,3,55.83309744674673,6799
620,31522.288724027785,1522.288724027785,3,57.98607249285144,6800
621,31579.7042624707,1579.7042624706992,3,57.4155384429153,6801
622,31638.164734437767,1638.164734437767,3,58.46047196706687,6802
623,31695.13229710357,1695.1322971035697,3,56.96756266580529,6803
624,31751.70831368372,1751.708313683721,3,56.57601658015135,6804
625,31806.92028954933,1806.920289549329,3,55.21197586560623,6805
626,31866.562214741294,1866.5622147412942,3,59.64192519196417,6806
627,31925.133623605594,1925.133623605594,3,58.571408864302455,6807
628,31982.098833105218,1982.0988331052176,3,56.96520949962302,6808
629,32036.150194337795,2036.1501943377953,3,54.05136123257875,6809
630,32091.8960339852,2091.8960339851983,3,55.74583964740314,6810
631,32146.742853416574,2146.742853416574,3,54.84681943137286,6811
632,32200.433224591663,2200.433224591663,3,53.69037117509179,6812
633,32255.71440852595,2255.7144085259497,3,55.2811839342855,6813
634,32311.74626570147,2311.7462657014694,3,56.03185717551916,6814
635,32370.68458392132,2370.68458392132,3,58.93831821985024,6815
636,32430.287514746866,2430.287514746866,3,59.60293082554712,6816
637,32481.47330131946,2481.47330131946,3,51.18578657259378,6817
638,32532.333440734405,2532.3334407344046,3,50.8601394149462,6818
639,32583.88030082983,2583.880300829831,3,51.54686009542913,6819
640,32632.815195724463,2632.8151957244627,3,48.934894894628755,6820
641,32681.457356198058,2681.457356198058,3,48.64216047359544,6821
642,32730.111384961972,2730.1113849619724,3,48.65402876391489,6822
643,32779.520521835584,2779.520521835584,3,49.40913687360919,6823
644,32829.095627344694,2829.0956273446936,3,49.575105509114636,6824
645,32875.43897249448,2875.4389724944776,3,46.34334514978431,6825
646,32923.379144066894,2923.379144066894,3,47.94017157241686,6826
647,32975.15159224864,2975.1515922486433,3,51.772448181747784,6827
648,33025.12185080342,3025.1218508034217,3,49.97025855477511,6828
649,33074.21685189844,3074.21685189844,3,49.09500109502069,6829
650,33121.91916755576,3121.9191675557595,3,47.70231565731921,6830
651,33171.86229954076,3171.862299540757,3,49.9431319849996,6831
652,33218.79337093199,3218.7933709319914,3,46.93107139122931,6832
653,33269.714266965544,3269.714266965544,3,50.92089603355351,6833
654,33320.983523976065,3320.983523976065,3,51.26925701052004,6834
655,33369.16134054478,3369.161340544779,3,48.17781656871874,6835
656,33415.57208549589,3415.5720854958927,3,46.410744951110594,6836
657,33463.034568629766,3463.034568629766,3,47.462483133872546,6837
658,33511.38140954415,3511.3814095441485,3,48.34684091438297,6838
659,33560.25028737794,3560.2502873779376,3,48.86887783379294,6839
660,33606.42799700218,3606.4279970021817,3,46.177709624240336,6840
661,33654.04453701396,3654.044537013957,3,47.616540011774404,6841
662,33706.557347862785,3706.557347862785,3,52.51281084882713,6842
663,33752.15224059838,3752.152240598378,3,45.594892735597725,6843
664,33801.00768583213,3801.0076858321336,3,48.855445233755354,6844
665,33849.86383740774,3849.863837407742,3,48.85615157560391,6845
666,33898.77802208225,3898.7780220822533,3,48.914184674515816,6846
667,33948.05748594839,3948.0574859483895,3,49.279463866132126,6847
668,34002.12385635084,4002.1238563508377,3,54.06637040245142,6848
669,34050.391524977436,4050.3915249774363,3,48.267668626598905,6849
670,34097.569059876754,4097.569059876754,3,47.1775348993143,6850
671,34146.76603183543,4146.766031835432,3,49.19697195868124,6851
672,34192.761171426995,4192.761171426995,3,45.99513959155976,6852
673,34240.732125740215,4240.7321257402145,3,47.97095431322012,6853
674,34291.44526044038,4291.445260440378,3,50.71313470016714,6854
675,34338.010041471854,4338.0100414718545,3,46.56478103147472,6855
676,34385.50005738087,4385.500057380872,3,47.49001590902169,6856
677,34435.3313349699,4435.331334969902,3,49.831277589025,6857
678,34487.46587143409,4487.465871434091,3,52.134536464191505,6858
679,34537.73392362796,4537.733923627959,3,50.26805219386511,6859
680,34586.44217504348,4586.442175043478,3,48.70825141552352,6860
681,34634.81113437146,4634.811134371463,3,48.368959327980676,6861
682,34681.05234901466,4681.052349014659,3,46.2412146432004,6862
683,34731.81359258521,4731.813592585211,3,50.76124357055371,6863
684,34778.98292486793,4778.982924867931,3,47.16933228271931,6864
685,34827.788707609056,4827.788707609056,3,48.80578274111951,6865
686,34877.309596678475,4877.309596678475,3,49.52088906942116,6866
687,34928.023566072996,4928.023566072996,3,50.71396939451946,6867
688,34978.14254465792,4978.142544657923,3,50.1189785849264,6868
689,35025.67895925945,5025.6789592594505,3,47.53641460152949,6869
690,35070.30839561947,5070.308395619468,3,44.62943636002338,6870
691,35118.89712307371,5118.897123073708,3,48.58872745423896,6871
692,35166.22800824321,5166.228008243212,3,47.33088516950322,6872
693,35216.67616299985,5216.676162999851,3,50.44815475663983,6873
694,35266.27366600474,5266.273666004738,3,49.597503004881695,6874
695,35317.64981043381,5317.64981043381,3,51.376144429078835,6875
696,35364.43726236759,5364.437262367588,3,46.78745193377432,6876
697,35410.27670793968,5410.27670793968,3,45.839445572090334,6877
698,35460.130598391486,5460.130598391486,3,49.85389045180853,6878
699,35509.53264060525,5509.532640605248,3,49.40204221376174,6879
700,35555.80024321671,5555.800243216712,3,46.26760261146731,6880
701,35605.48231585932,5605.482315859321,3,49.6820726426075,6881
702,35658.31580792738,5658.315807927378,3,52.83349206805523,6882
703,35708.56086151717,5708.560861517173,3,50.24505358979858,6883
704,35754.598140679365,5754.598140679365,3,46.037279162191325,6884
705,35804.906674360675,5804.9066743606745,3,50.30853368130839,6885
706,35853.85192027888,5853.851920278881,3,48.94524591820411,6886
707,35903.88422850385,5903.884228503848,3,50.032308224969995,6887
708,35950.89007354024,5950.890073540242,3,47.00584503639091,6888
709,36001.10128806617,6001.101288066173,3,50.21121452593076,6889
710,36046.41990492518,6046.4199049251765,3,45.3186168590028,6890
711,36095.31140630516,6095.311406305162,3,48.89150137998426,6891
712,36144.305707894615,6144.305707894615,3,48.994301589455056,6892
713,36193.98873523494,6193.98873523494,3,49.68302734032571,6893
714,36245.48079662336,6245.480796623357,3,51.49206138841344,6894
715,36291.325383146286,6291.325383146286,3,45.844586522929724,6895
716,36341.221925560916,6341.221925560916,3,49.89654241463448,6896
717,36391.224950333955,6391.224950333955,3,50.003024773038284,6897
718,36439.548819342424,6439.548819342424,3,48.32386900846908,6898
719,36488.3347980169,6488.334798016898,3,48.78597867447315,6899
720,36536.40780379403,6536.407803794027,3,48.07300577712776,6900
721,36582.88177140283,6582.881771402826,3,46.47396760879959,6901
722,36632.3099971396,6632.3099971396005,3,49.42822573677146,6902
723,36681.93527508877,6681.93527508877,3,49.62527794917012,6903
724,36731.50010532495,6731.500105324951,3,49.56483023618373,6904
725,36780.95519301935,6780.955193019348,3,49.45508769439629,6905
726,36830.115013186965,6830.115013186965,3,49.15982016761676,6906
727,36879.47951289896,6879.479512898957,3,49.36449971199066,6907
728,36931.7845385871,6931.784538587097,3,52.305025688140304,6908
729,36977.39590666163,6977.39590666163,3,45.61136807453593,6909
730,37026.650238281196,7026.650238281196,3,49.25433161956512,6910
731,37075.29229856546,7075.292298565459,3,48.64206028426041,6911
732,37122.6995342913,7122.6995342913,3,47.40723572584484,6912
733,37171.30632713363,7171.306327133629,3,48.60679284232778,6913
734,37220.51802061397,7220.51802061397,3,49.211693480342454,6914
735,37266.95674750997,7266.956747509968,3,46.43872689599585,6915
736,37316.5158929122,7316.515892912197,3,49.55914540222959,6916
737,37365.700097586785,7365.700097586785,3,49.184204674588635,6917
738,37415.654790035995,7415.654790035995,3,49.954692449206796,6918
739,37465.15325936185,7465.153259361847,3,49.498469325850934,6919
740,37515.16585127438,7515.165851274382,3,50.01259191253799,6920
741,37563.38749386464,7563.38749386464,3,48.221642590258924,6921
742,37614.75674691453,7614.756746914529,3,51.3692530498926,6922
743,37666.415518231515,7666.415518231515,3,51.65877131698864,6923
744,37710.37374259039,7710.373742590389,3,43.958224358872286,6924
745,37757.963343226125,7757.963343226125,3,47.58960063573163,6925
746,37804.65981369871,7804.659813698709,3,46.69647047258336,6926
747,37855.72138993297,7855.721389932973,3,51.06157623426858,6927
748,37905.27098560847,7905.270985608469,3,49.549595675495034,6928
749,37954.017977921634,7954.017977921634,3,48.74699231316405,6929
750,38002.44821009745,8002.448210097449,3,48.43023217581262,6930
751,38051.01143005663,8051.011430056627,3,48.56321995918341,6931
752,38098.585239442036,8098.585239442036,3,47.57380938540394,6932
753,38146.204337221076,8146.204337221076,3,47.61909777903948,6933
754,38194.06885788009,8194.068857880091,3,47.8645206590157,6934
755,38243.79620084776,8243.796200847763,3,49.72734296767292,6935
756,38294.19769620609,8294.197696206087,3,50.401495358322656,6936
757,38344.093094966396,8344.093094966396,3,49.89539876031325,6937
758,38393.738830647315,8393.738830647315,3,49.645735680917916,6938
759,38442.69068848384,8442.690688483839,3,48.951857836521,6939
760,38490.36093461034,8490.36093461034,3,47.670246126501574,6940
761,38537.9091381751,8537.909138175099,3,47.54820356476164,6941
762,38586.82787237883,8586.827872378832,3,48.91873420372996,6942
763,38637.348444162446,8637.348444162446,3,50.52057178361381,6943
764,38685.58857507567,8685.588575075672,3,48.24013091323103,6944
765,38735.93053126292,8735.930531262922,3,50.34195618724557,6945
766,38785.32672143597,8785.326721435973,3,49.39619017305406,6946
767,38831.09012152184,8831.09012152184,3,45.76340008586531,6947
768,38881.11879417557,8881.11879417557,3,50.02867265372888,6948
769,38930.5587624259,8930.558762425899,3,49.43996825033064,6949
770,38979.856764595075,8979.856764595075,3,49.29800216917658,6950
771,39026.756225190635,9026.756225190635,3,46.899460595557386,6951
772,39077.75943483041,9077.759434830412,3,51.0032096397807,6952
773,39127.93701223495,9127.93701223495,3,50.1775774045342,6953
774,39179.14886208497,9179.14886208497,3,51.21184985002204,6954
775,39227.643040698196,9227.643040698196,3,48.49417861322318,6955
776,39277.22471283116,9277.224712831157,3,49.58167213296263,6956
777,39325.54433817743,9325.544338177431,3,48.3196253462779,6957
778,39376.48828529187,9376.488285291867,3,50.943947114434266,6958
779,39423.47567630044,9423.47567630044,3,46.98739100857565,6959
780,39470.75403590875,9470.75403590875,3,47.27835960831011,6960
781,39520.570289672905,9520.570289672905,3,49.816253764149074,6961
782,39568.76552455198,9568.765524551978,3,48.195234879072366,6962
783,39617.46769432763,9617.467694327628,3,48.70216977565308,6963
784,39664.520361455194,9664.520361455194,3,47.052667127564014,6964
785,39715.21463398176,9715.214633981763,3,50.694272526570394,6965
786,39763.285981856185,9763.285981856185,3,48.07134787442189,6966
787,39813.749359402005,9813.749359402005,3,50.463377545818034,6967
788,39862.098353783214,9862.098353783214,3,48.34899438121127,6968
789,39904.04747068056,9904.047470680562,3,41.94911689735,6969
790,39940.22869721762,9940.228697217623,3,36.18122653705624,6970
791,39973.78951872001,9973.789518720012,3,33.56082150239049,6971
792,40004.593001582034,4.593001582034049,4,30.803482862023063,6972
793,40033.1403413944,33.140341394399,4,28.547339812369145,6973
794,40061.271027072886,61.27102707288577,4,28.13068567849001,6974
795,40093.97693170924,93.97693170924322,4,32.70590463635565,6975
796,40125.46745537456,125.46745537455718,4,31.490523665310647,6976
797,40159.879026491966,159.87902649196621,4,34.41157111741356,6977
798,40199.27433313804,199.27433313804067,4,39.3953066460717,6978
799,40241.05664440086,241.0566444008582,4,41.78231126281721,6979
800,40284.78533061187,284.78533061187045,4,43.72868621101618,6980
801,40331.44778443836,331.4477844383582,4,46.66245382648442,6981
802,40381.36853134033,381.368531340333,4,49.92074690197144,6982
803,40434.182728995285,434.1827289952853,4,52.81419765495367,6983
804,40491.759382950906,491.759382950906,4,57.576653955622085,6984
805,40550.218184392295,550.2181843922954,4,58.458801441389525,6985
806,40606.92379321575,606.9237932157484,4,56.70560882345428,6986
807,40662.82379037764,662.8237903776389,4,55.89999716189252,6987
808,40721.43074866896,721.4307486689577,4,58.6069582913152,6988
809,40775.0467816664,775.0467816664022,4,53.616032997444016,6989
810,40832.24846045196,832.2484604519632,4,57.2016787855604,6990
811,40891.24381611672,891.2438161167229,4,58.995355664758605,6991
812,40942.30421525228,942.304215252283,4,51.06039913556666,6992
813,40996.72667403402,996.7266740340201,4,54.42245878173632,6993
814,41055.873386196894,1055.873386196894,4,59.14671216287312,6994
815,41112.76087037584,1112.7608703758378,4,56.88748417894049,6995
816,41170.6870236212,1170.687023621198,4,57.926153245358236,6996
817,41228.34723186413,1228.3472318641288,4,57.66020824293527,6997
818,41288.86698425708,1288.8669842570816,4,60.519752392950565,6998
819,41345.74487002728,1345.7448700272798,4,56.87788577020184,6999
820,41402.34245246173,1402.3424524617294,4,56.597582434443936,7000
821,41456.18185222458,1456.1818522245812,4,53.839399762855415,7001
822,41514.754231113715,1514.754231113715,4,58.57237888913,7002
823,41571.15171130499,1571.1517113049922,4,56.39748019128415,7003
824,41627.80734332566,1627.8073433256577,4,56.655632020663816,7004
825,41686.734310738095,1686.7343107380948,4,58.92696741243545,7005
826,41741.461200548125,1741.461200548125,4,54.72688981002975,7006
827,41794.52150259653,1794.52150259653,4,53.06030204840814,7007
828,41848.36774558567,1848.3677455856669,4,53.84624298913695,7008
829,41904.98357564532,1904.9835756453176,4,56.6158300596469,7009
830,41962.08019922803,1962.0801992280321,4,57.09662358271844,7010
831,42015.880949961385,2015.8809499613853,4,53.800750733349,7011
832,42073.57128410857,2073.5712841085697,4,57.69033414718741,7012
833,42128.26355964267,2128.26355964267,4,54.69227553410173,7013
834,42186.009264474575,2186.0092644745746,4,57.74570483189856,7014
835,42245.82092362688,2245.8209236268813,4,59.81165915231249,7015
836,42303.163903783294,2303.163903783294,4,57.34298015640984,7016
837,42363.24075795697,2363.24075795697,4,60.07685417367385,7017
838,42422.48638697871,2422.4863869787077,4,59.245629021740186,7018
839,42473.04446548979,2473.0444654897874,4,50.55807851108272,7019
840,42522.7358484589,2522.7358484588985,4,49.691382969104346,7020
841,42570.3676333264,2570.367633326401,4,47.63178486751075,7021
842,42619.29699543533,2619.296995435332,4,48.9293621089274,7022
843,42665.16194514004,2665.16194514004,4,45.86494970471186,7023
844,42713.8686387511,2713.868638751097,4,48.70669361105275,7024
845,42763.34661651548,2763.3466165154823,4,49.47797776439041,7025
846,42813.603870502506,2813.6038705025057,4,50.25725398701834,7026
847,42862.98165970279,2862.9816597027893,4,49.377789200285875,7027
848,42913.5111252469,2913.5111252468996,4,50.529465544106465,7028
849,42961.5484620586,2961.5484620585994,4,48.03733681170063,7029
850,43010.30144101712,3010.3014410171236,4,48.75297895852475,7030
851,43058.508948654366,3058.5089486543657,4,48.20750763724133,7031
852,43106.43793935759,3106.4379393575873,4,47.928990703221885,7032
853,43156.93519967051,3156.935199670508,4,50.49726031292015,7033
854,43206.433501792795,3206.433501792795,4,49.498302122289765,7034
855,43255.501831032496,3255.501831032496,4,49.06832923969749,7035
856,43306.38945481354,3306.389454813543,4,50.88762378105131,7036
857,43353.62601456675,3353.6260145667475,4,47.23655975320354,7037
858,43403.178973200025,3403.178973200025,4,49.55295863328012,7038
859,43452.87789597499,3452.8778959749907,4,49.6989227749648,7039
860,43502.449888195246,3502.449888195246,4,49.571992220252646,7040
861,43552.12004095287,3552.1200409528683,4,49.67015275762052,7041
862,43601.26327600281,3601.2632760028064,4,49.14323504993912,7042
863,43648.03235241921,3648.0323524192136,4,46.76907641640616,7043
864,43697.99715005686,3697.997150056857,4,49.964797637643436,7044
865,43747.06910222128,3747.0691022212777,4,49.07195216442518,7045
866,43795.80418556946,3795.804185569461,4,48.735083348184304,7046
867,43845.18305615545,3845.1830561554525,4,49.37887058598816,7047
868,43893.86575058525,3893.8657505852534,4,48.682694429802616,7048
869,43941.406684064714,3941.4066840647138,4,47.5409334794583,7049
870,43991.96132837635,3991.9613283763465,4,50.55464431163713,7050
871,44043.87249297908,4043.872492979077,4,51.91116460272577,7051
872,44089.88653591204,4089.886535912039,4,46.014042932962234,7052
873,44138.21687136882,4138.2168713688225,4,48.33033545678589,7053
874,44184.88641457987,4184.8864145798725,4,46.66954321104576,7054
875,44232.522902622346,4232.522902622346,4,47.636488042474504,7055
876,44282.939361709075,4282.9393617090755,4,50.41645908673492,7056
877,44334.2584003113,4334.258400311301,4,51.319038602221504,7057
878,44383.57406840199,4383.574068401991,4,49.315668090688796,7058
879,44431.28762930626,4431.287629306258,4,47.713560904268014,7059
880,44481.622679215536,4481.622679215536,4,50.335049909278915,7060
881,44529.86133638962,4529.861336389622,4,48.2386571740836,7061
882,44578.30571848587,4578.30571848587,4,48.444382096252596,7062
883,44624.60469893259,4624.604698932591,4,46.298980446718915,7063
884,44674.2680405139,4674.2680405139035,4,49.66334158131274,7064
885,44723.93900871716,4723.939008717163,4,49.67096820326018,7065
886,44772.65670184524,4772.656701845241,4,48.71769312807855,7066
887,44823.012480512116,4823.012480512116,4,50.35577866687471,7067
888,44873.00203332273,4873.002033322729,4,49.98955281060859,7068
889,44920.54275751477,4920.54275751477,4,47.54072419204097,7069
890,44971.166402584415,4971.166402584415,4,50.623645069651175,7070
891,45019.424110775595,5019.424110775595,4,48.25770819117988,7071
892,45064.84676090213,5064.846760902132,4,45.422650126539914,7072
893,45112.859791638526,5112.859791638526,4,48.0130307363899,7073
894,45159.601323288465,5159.601323288465,4,46.741531649938764,7074
895,45209.59498775468,5209.594987754681,4,49.99366446621823,7075
896,45260.12724611529,5260.127246115291,4,50.532258360612566,7076
897,45310.37916706071,5310.37916706071,4,50.251920945417844,7077
898,45359.53794627419,5359.537946274191,4,49.158779213476876,7078
899,45407.95929863588,5407.959298635877,4,48.42135236168933,7079
900,45456.48512150064,5456.485121500642,4,48.52582286476028,7080
901,45505.24288113508,5505.2428811350765,4,48.75775963443878,7081
902,45551.04947198662,5551.049471986618,4,45.80659085154085,7082
903,45600.97920033713,5600.979200337133,4,49.929728350513784,7083
904,45650.139996592574,5650.139996592574,4,49.16079625544036,7084
905,45699.69747955066,5699.697479550661,4,49.55748295808733,7085
906,45747.82248788927,5747.822487889272,4,48.12500833861564,7086
907,45794.775125913715,5794.775125913715,4,46.95263802444313,7087
908,45844.20218039769,5844.2021803976895,4,49.42705448396777,7088
909,45897.074350113224,5897.074350113224,4,52.87216971553615,7089
910,45943.45336398159,5943.453363981593,4,46.37901386836775,7090
911,45990.88617337277,5990.886173372768,4,47.43280939118047,7091
912,46040.76486405991,6040.764864059907,4,49.87869068713307,7092
913,46088.792429108296,6088.792429108296,4,48.02756504838915,7093
914,46134.41324795192,6134.413247951918,4,45.62081884362722,7094
915,46180.08749793576,6180.087497935761,4,45.67424998384292,7095
916,46228.47212696099,6228.472126960987,4,48.38462902522503,7096
917,46278.10737618694,6278.107376186941,4,49.63524922595584,7097
918,46326.19871790762,6326.198717907617,4,48.091341720673206,7098
919,46375.8605236609,6375.8605236609,4,49.661805753283666,7099
920,46424.25391857022,6424.253918570219,4,48.39339490931987,7100
921,46474.25247098119,6474.252470981191,4,49.99855241097211,7101
922,46525.12084100611,6525.120841006108,4,50.86837002491844,7102
923,46574.35513947723,6574.355139477229,4,49.23429847112047,7103
924,46625.55609994233,6625.556099942332,4,51.200960465102135,7104
925,46675.9818795835,6675.981879583502,4,50.42577964116927,7105
926,46726.19343310567,6726.193433105669,4,50.211553522169005,7106
927,46773.230804650375,6773.230804650375,4,47.03737154470191,7107
928,46822.06392077253,6822.063920772533,4,48.83311612215698,7108
929,46870.650348573545,6870.650348573545,4,48.58642780101191,7109
930,46919.34913361596,6919.349133615957,4,48.698785042413355,7110
931,46967.83607447576,6967.836074475759,4,48.48694085980067,7111
932,47016.484296887436,7016.484296887436,4,48.64822241168262,7112
933,47065.02812127646,7065.02812127646,4,48.543824389022575,7113
934,47113.70686805654,7113.706868056543,4,48.67874678008268,7114
935,47162.12273096957,7162.122730969568,4,48.41586291302171,7115
936,47213.43986588095,7213.439865880951,4,51.317134911387406,7116
937,47264.346627839965,7264.346627839965,4,50.90676195901184,7117
938,47313.06343781184,7313.063437811841,4,48.71680997187642,7118
939,47362.8333699252,7362.833369925203,4,49.76993211336143,7119
940,47412.28379490119,7412.283794901188,4,49.4504249759861,7120
941,47459.830610178884,7459.830610178884,4,47.54681527769738,7121
942,47507.78459071612,7507.784590716117,4,47.95398053723305,7122
943,47557.40511416505,7557.405114165049,4,49.62052344893493,7123
944,47603.65174785641,7603.651747856413,4,46.24663369136137,7124
945,47650.47659569626,7650.476595696258,4,46.82484783984652,7125
946,47699.35419154907,7699.354191549071,4,48.87759585280843,7126
947,47747.48683356592,7747.486833565919,4,48.1326420168541,7127
948,47797.11322260369,7797.113222603693,4,49.62638903776858,7128
949,47846.244531736294,7846.244531736294,4,49.1313091326028,7129
950,47896.50808129353,7896.508081293527,4,50.26354955723498,7130
951,47947.02080327172,7947.02080327172,4,50.512721978188196,7131
952,47995.96462218918,7995.964622189182,4,48.94381891746239,7132
953,48045.25953870239,8045.25953870239,4,49.294916513211874,7133
954,48094.83957049076,8094.83957049076,4,49.58003178837169,7134
955,48144.776173374055,8144.776173374055,4,49.93660288328936,7135
956,48194.48348927926,8194.483489279257,4,49.707315905204275,7136
957,48244.66614576474,8244.666145764742,4,50.18265648548325,7137
958,48292.17246721555,8292.172467215547,4,47.5063214508062,7138
959,48339.77821391478,8339.778213914782,4,47.60574669923489,7139
960,48387.60253460798,8387.602534607977,4,47.82432069319657,7140
961,48437.37560867985,8437.375608679853,4,49.77307407187536,7141
962,48484.915833306826,8484.915833306826,4,47.54022462697525,7142
963,48534.92758560443,8534.927585604433,4,50.01175229760381,7143
964,48584.63161537627,8584.631615376267,4,49.70402977183561,7144
965,48631.86808522679,8631.868085226793,4,47.236469850529815,7145
966,48679.414062483855,8679.414062483855,4,47.54597725705504,7146
967,48727.307298976375,8727.307298976375,4,47.89323649251965,7147
968,48777.36057365904,8777.36057365904,4,50.05327468266447,7148
969,48828.98768637879,8828.987686378787,4,51.62711271974911,7149
970,48877.665081081366,8877.665081081366,4,48.677394702577686,7150
971,48927.14304875731,8927.143048757309,4,49.47796767594406,7151
972,48974.616030118545,8974.616030118545,4,47.47298136123814,7152
973,49020.974236483606,9020.974236483606,4,46.358206365059544,7153
974,49067.40855684962,9067.408556849623,4,46.43432036602077,7154
975,49114.22749943361,9114.227499433611,4,46.81894258398772,7155
976,49162.99895689763,9162.99895689763,4,48.77145746401656,7156
977,49210.99122025324,9210.991220253243,4,47.9922633556108,7157
978,49262.67214671479,9262.672146714787,4,51.68092646154418,7158
979,49310.98452416243,9310.984524162428,4,48.31237744764528,7159
980,49359.70228733403,9359.702287334032,4,48.71776317160507,7160
981,49409.62780398556,9409.62780398556,4,49.925516651524795,7161
982,49458.702812148214,9458.702812148214,4,49.07500816265206,7162
983,49507.89772902251,9507.897729022508,4,49.19491687429434,7163
984,49556.001905407036,9556.001905407036,4,48.10417638452929,7164
985,49604.09612520608,9604.09612520608,4,48.094219799045014,7165
986,49650.245565142424,9650.245565142424,4,46.14943993634081,7166
987,49698.674938981414,9698.674938981414,4,48.42937383898982,7167
988,49746.81146017802,9746.811460178018,4,48.13652119660822,7168
989,49795.40488456156,9795.404884561562,4,48.593424383545496,7169
990,49845.22296516028,9845.222965160283,4,49.818080598716506,7170
991,49890.409675295086,9890.409675295086,4,45.18671013480778,7171
992,49939.072207853584,9939.072207853584,4,48.66253255849352,7172
993,49977.734740412074,9977.734740412074,4,38.66253255849352,7173
994,50013.596379273484,13.596379273483763,5,35.861638861405225,7174
995,50046.142334552365,46.142334552365355,5,32.54595527888708,7175
996,50081.567557750015,81.56755775001511,5,35.425223197647966,7176
997,50116.41164256498,116.41164256497723,5,34.84408481496496,7177
998,50152.190410474686,152.19041047468636,5,35.77876790970431,7178
999,50190.299347374814,190.2993473748138,5,38.10893690013238,7179
1000,50232.69071276797,232.6907127679733,5,42.39136539315716,7180
1001,50273.812242802735,273.81224280273454,5,41.12153003476213,7181
1002,50319.34768555638,319.34768555637856,5,45.535442753644915,7182
1003,50368.27068792044,368.27068792044156,5,48.92300236406389,7183
1004,50420.27946124424,420.2794612442376,5,52.008773323796945,7184
1005,50476.12536920009,476.12536920009006,5,55.84590795584607,7185
1006,50533.045440808186,533.045440808186,5,56.92007160810168,7186
1007,50592.48592140499,592.4859214049866,5,59.44048059679851,7187
1008,50654.84687501599,654.8468750159882,5,62.36095361100262,7188
1009,50713.935442550894,713.9354425508936,5,59.088567534900655,7189
1010,50770.840300986696,770.8403009866961,5,56.904858435802666,7190
1011,50830.11946677643,830.1194667764285,5,59.279165789737924,7191
1012,50890.376892604865,890.3768926048651,5,60.257425828430904,7192
1013,50948.325971344726,948.325971344726,5,57.949078739864134,7193
1014,51005.692353587045,1005.6923535870446,5,57.36638224232119,7194
1015,51060.32637218948,1060.3263721894764,5,54.634018602428846,7195
1016,51118.31889212206,1118.3188921220572,5,57.99251993257938,7196
1017,51178.40890384753,1178.4089038475286,5,60.09001172547042,7197
1018,51236.10297847586,1236.1029784758575,5,57.69407462832874,7198
1019,51292.82821962313,1292.8282196231303,5,56.725241147279704,7199
